Р;2000167;нет;Россия.;Рукописная.Праздники. 2 половина 19 века.;19;Коленкоровый переплет. Пять полутомов.;8000;
Р;2000288;нет;Россия.;Рукописная.Праздники. 2 половина 19 века.;19;Том 3;12000;
Р;2000289;нет;Россия.;Рукописная.Праздники. 2 половина 19 века.;19;Том 2;12000;
Р;2000290;нет;Россия.;Рукописная.Праздники. 2 половина 19 века.;19;Том 3;20000;
Р;2000291;нет;Россия.;Рукописная.Праздники. 2 половина 19 века.;19;Том 2;20000;
Р;2000303;нет;Россия.;Рукописная.Праздники. 2 половина 19 века.;19;Большая редкость.Экз. в издательской обложке.;25000;
Р;2000306;нет;Россия.;Рукописная.Праздники. 2 половина 19 века.;19;В издательском переплете. Формат 8;18000;
Р;2000321;нет;Россия.;Рукописная.Праздники. 2 половина 19 века.;19;нет;60;
Р;2000338;нет;Россия.;Рукописная.Праздники. 2 половина 19 века.;19;Часть 2.;10000;
Р;2000357;нет;Россия.;Рукописная.Праздники. 2 половина 19 века.;19;нет;1000;
Р;2000444;нет;Россия.;Рукописная.Праздники. 2 половина 19 века.;19;Современный кожаный переплёт.;20000;
Р;2000453;нет;Россия.;Рукописная.Праздники. 2 половина 19 века.;19;4 тома в одном переплете. Современный кожаный переплет.;25000;
Р;2000459;нет;Россия.;Рукописная.Праздники. 2 половина 19 века.;19;нет;10000;
Р;2000460;нет;Россия.;Рукописная.Праздники. 2 половина 19 века.;19;тираж 350 экз.;25000;
Р;2000461;нет;Россия.;Рукописная.Праздники. 2 половина 19 века.;19;перевод с немецкого.;6500;
Р;2000466;нет;Россия.;Рукописная.Праздники. 2 половина 19 века.;19;нет;7500;
Р;2000507;нет;Россия.;Рукописная.Праздники. 2 половина 19 века.;19;нет;5000;
Р;2000544;нет;Россия.;Рукописная.Праздники. 2 половина 19 века.;19;Том XXXIX.;80000;
Р;2000555;нет;Россия.;Рукописная.Праздники. 2 половина 19 века.;19;Материалы по библиографии;7600;
Р;2000556;нет;Россия.;Рукописная.Праздники. 2 половина 19 века.;19;нет;5000;
Р;2000557;нет;Россия.;Рукописная.Праздники. 2 половина 19 века.;19;Прижизненое издание;16000;
Р;2000672;нет;Россия.;Рукописная.Праздники. 2 половина 19 века.;19;нет;5000;
Р;2000783;нет;Россия.;Рукописная.Праздники. 2 половина 19 века.;19;нет;200000;
Р;2000801;нет;Россия.;Рукописная.Праздники. 2 половина 19 века.;19;нет;15000;
Р;2000844;нет;Россия.;Рукописная.Праздники. 2 половина 19 века.;19;Полукожаный перепле. Формат 4.;2600;
Р;2000871;нет;Россия.;Рукописная.Праздники. 2 половина 19 века.;19;нет;3600;
Р;2000900;нет;Россия.;Рукописная.Праздники. 2 половина 19 века.;19;В издательском переплете. Формат 8.;1200;
Р;2001067;нет;Россия.;Рукописная.Праздники. 2 половина 19 века.;19;В издательском переплете.;2000;
Р;2001070;нет;Россия.;Рукописная.Праздники. 2 половина 19 века.;19;В современном переплете.;4000;
Р;2001071;нет;Россия.;Рукописная.Праздники. 2 половина 19 века.;19;В мягком переплете. Формат 4.;8000;
Р;2001162;нет;Россия.;Рукописная.Праздники. 2 половина 19 века.;19;Издательский переплет. С афтогрвфом Гнесина.;10000;
И;2003229;нет;Иакиноа.;Собрание сведений о народах обитавших в Средней Азии в древние времена. В 3-х частях. ч.3.;1851;В полукожаном переплете. В 2-х частях.;10000;
Р;2003108;нет;Россия.;Рукописная.Праздники. 2 половина 19 века.;19;Книга без переплета.Формат 8.;7500;
Р;2001217;нет;Россия.;Рукописная.Праздники. 2 половина 19 века.;19;нет;6000;
Р;2003111;нет;Россия.;Рукописная.Праздники. 2 половина 19 века.;19;Издательская обложка. Формат 4.;36000;
Р;2001252;нет;Россия.;Рукописная.Праздники. 2 половина 19 века.;19;нет;7600;
Р;2003113;нет;Россия.;Рукописная.Праздники. 2 половина 19 века.;19;Издательская обложка. Формат 4.;75000;
Р;2001284;нет;Россия.;Рукописная.Праздники. 2 половина 19 века.;19;нет;10000;
Р;2001326;нет;Россия.;Рукописная.Праздники. 2 половина 19 века.;19;нет;20000;
Р;2002420;нет;Россия.;Рукописная.Праздники. 2 половина 19 века.;19;нет;10000;
Р;2002684;нет;Россия.;Рукописная.Праздники. 2 половина 19 века.;19;Том 2.;10000;
Р;2001538;нет;Россия.;Рукописная.Праздники. 2 половина 19 века.;19;нет;1000;
Р;2001570;нет;Россия.;Рукописная.Праздники. 2 половина 19 века.;19;нет;2000;
Р;2001576;нет;Россия.;Рукописная.Праздники. 2 половина 19 века.;19;нет;4600;
Р;2001578;нет;Россия.;Рукописная.Праздники. 2 половина 19 века.;19;нет;800;
Р;2001583;нет;Россия.;Рукописная.Праздники. 2 половина 19 века.;19;нет;1200;
Р;2001590;нет;Россия.;Рукописная.Праздники. 2 половина 19 века.;19;нет;600;
Р;2001591;нет;Россия.;Рукописная.Праздники. 2 половина 19 века.;19;нет;1600;
Р;2001623;нет;Россия.;Рукописная.Праздники. 2 половина 19 века.;19;нет;1200;
Р;2001626;нет;Россия.;Рукописная.Праздники. 2 половина 19 века.;19;нет;1000;
Р;2001693;нет;Россия.;Рукописная.Праздники. 2 половина 19 века.;19;нет;400;
Р;2001726;нет;Россия.;Рукописная.Праздники. 2 половина 19 века.;19;Цельнокожаный переплёт. Формат 8.;25000;
Р;2001739;нет;Россия.;Рукописная.Праздники. 2 половина 19 века.;19;нет;7500;
Р;2001743;нет;Россия.;Рукописная.Праздники. 2 половина 19 века.;19;нет;7500;
Р;2001744;нет;Россия.;Рукописная.Праздники. 2 половина 19 века.;19;нет;7500;
Р;2001751;нет;Россия.;Рукописная.Праздники. 2 половина 19 века.;19;нет;6000;
Р;2001755;нет;Россия.;Рукописная.Праздники. 2 половина 19 века.;19;нет;1000;
Р;2001757;нет;Россия.;Рукописная.Праздники. 2 половина 19 века.;19;нет;3000;
Р;2001759;нет;Россия.;Рукописная.Праздники. 2 половина 19 века.;19;нет;200;
Р;2001785;нет;Россия.;Рукописная.Праздники. 2 половина 19 века.;19;нет;8000;
Р;2001872;нет;Россия.;Рукописная.Праздники. 2 половина 19 века.;19;нет;1000;
Р;2001882;нет;Россия.;Рукописная.Праздники. 2 половина 19 века.;19;нет;5000;
Р;2001925;нет;Россия.;Рукописная.Праздники. 2 половина 19 века.;19;нет;500;
Р;2001926;нет;Россия.;Рукописная.Праздники. 2 половина 19 века.;19;нет;360;
Р;2001933;нет;Россия.;Рукописная.Праздники. 2 половина 19 века.;19;нет;8000;
Р;2001983;нет;Россия.;Рукописная.Праздники. 2 половина 19 века.;19;нет;200;
Р;2001987;нет;Россия.;Рукописная.Праздники. 2 половина 19 века.;19;нет;1000;
Р;2002152;нет;Россия.;Рукописная.Праздники. 2 половина 19 века.;19;нет;140000;
Р;2002153;нет;Россия.;Рукописная.Праздники. 2 половина 19 века.;19;нет;140000;
Р;2002215;нет;Россия.;Рукописная.Праздники. 2 половина 19 века.;19;В 2-х томах;2000;
Р;2002251;нет;Россия.;Рукописная.Праздники. 2 половина 19 века.;19;нет;1200;
Р;2002280;нет;Россия.;Рукописная.Праздники. 2 половина 19 века.;19;нет;7500;
Р;2002298;нет;Россия.;Рукописная.Праздники. 2 половина 19 века.;19;нет;400;
Р;2002303;нет;Россия.;Рукописная.Праздники. 2 половина 19 века.;19;нет;3000;
Р;2002304;нет;Россия.;Рукописная.Праздники. 2 половина 19 века.;19;нет;1600;
Р;2002306;нет;Россия.;Рукописная.Праздники. 2 половина 19 века.;19;нет;2800;
Р;2002307;нет;Россия.;Рукописная.Праздники. 2 половина 19 века.;19;нет;2800;
Р;2002313;нет;Россия.;Рукописная.Праздники. 2 половина 19 века.;19;нет;67000;
Р;2002333;нет;Россия.;Рукописная.Праздники. 2 половина 19 века.;19;нет;55000;
Р;2002350;нет;Россия.;Рукописная.Праздники. 2 половина 19 века.;19;нет;3600;
Р;2002351;нет;Россия.;Рукописная.Праздники. 2 половина 19 века.;19;нет;3600;
Р;2002379;нет;Россия.;Рукописная.Праздники. 2 половина 19 века.;19;нет;10000;
Р;2002381;нет;Россия.;Рукописная.Праздники. 2 половина 19 века.;19;П\к переплет.;12000;
Р;2002383;нет;Россия.;Рукописная.Праздники. 2 половина 19 века.;19;Современный переплет. Форман 8.;10000;
Р;2002384;нет;Россия.;Рукописная.Праздники. 2 половина 19 века.;19;нет;12000;
Р;2002385;нет;Россия.;Рукописная.Праздники. 2 половина 19 века.;19;нет;12000;
Р;2002386;нет;Россия.;Рукописная.Праздники. 2 половина 19 века.;19;нет;50000;
Р;2002389;нет;Россия.;Рукописная.Праздники. 2 половина 19 века.;19;нет;800;
Р;2002391;нет;Россия.;Рукописная.Праздники. 2 половина 19 века.;19;нет;800;
Р;2002392;нет;Россия.;Рукописная.Праздники. 2 половина 19 века.;19;нет;800;
Р;2002393;нет;Россия.;Рукописная.Праздники. 2 половина 19 века.;19;нет;800;
Р;2002394;нет;Россия.;Рукописная.Праздники. 2 половина 19 века.;19;нет;800;
Р;2002400;нет;Россия.;Рукописная.Праздники. 2 половина 19 века.;19;есть печать.;10000;
Р;2002406;нет;Россия.;Рукописная.Праздники. 2 половина 19 века.;19;нет;1000;
Р;2002421;нет;Россия.;Рукописная.Праздники. 2 половина 19 века.;19;нет;8000;
Р;2002562;нет;Россия.;Рукописная.Праздники. 2 половина 19 века.;19;Том 2. В издательском переплете.;6000;
Р;2002563;нет;Россия.;Рукописная.Праздники. 2 половина 19 века.;19;нет;1200;
Р;2002565;нет;Россия.;Рукописная.Праздники. 2 половина 19 века.;19;Нет титульного листа;1000;
Р;2002581;нет;Россия.;Рукописная.Праздники. 2 половина 19 века.;19;нет;28000;
Р;2002726;нет;Россия.;Рукописная.Праздники. 2 половина 19 века.;19;Современный кожаный переплет.;40000;
Р;2002731;нет;Россия.;Рукописная.Праздники. 2 половина 19 века.;19;современный кожаный переплет.;25000;
Р;2002806;нет;Россия.;Рукописная.Праздники. 2 половина 19 века.;19;нет;2600;
Р;2002851;нет;Россия.;Рукописная.Праздники. 2 половина 19 века.;19;Том 1;5000;
Р;2002853;нет;Россия.;Рукописная.Праздники. 2 половина 19 века.;19;нет;1000;
Р;2003025;нет;Россия.;Рукописная.Праздники. 2 половина 19 века.;19;нет;17000;
Р;2003026;нет;Россия.;Рукописная.Праздники. 2 половина 19 века.;19;нет;20000;
Р;2003027;нет;Россия.;Рукописная.Праздники. 2 половина 19 века.;19;цельнокожаный переплет.;12600;
Р;2003028;нет;Россия.;Рукописная.Праздники. 2 половина 19 века.;19;нет;25000;
Р;2003029;нет;Россия.;Рукописная.Праздники. 2 половина 19 века.;19;Цельнокожаный переплет,тройной золотой обрез.;27000;
Р;2003030;нет;Россия.;Рукописная.Праздники. 2 половина 19 века.;19;Первое издание.;15000;
Р;2003031;нет;Россия.;Рукописная.Праздники. 2 половина 19 века.;19;нет;50000;
Р;2003040;нет;Россия.;Рукописная.Праздники. 2 половина 19 века.;19;Современный переплет.;1000;
Р;2003062;нет;Россия.;Рукописная.Праздники. 2 половина 19 века.;19;нет;7600;
Р;2003067;нет;Россия.;Рукописная.Праздники. 2 половина 19 века.;19;Издательский переплет. Иллюстрации в тексте.;10000;
Р;2003069;нет;Россия.;Рукописная.Праздники. 2 половина 19 века.;19;Книга в издательском переплете.;50000;
Р;2003071;нет;Россия.;Рукописная.Праздники. 2 половина 19 века.;19;нет;45000;
Р;2003072;нет;Россия.;Рукописная.Праздники. 2 половина 19 века.;19;Азбука в свитке,в футляре. Издание Моск. Арх. Института  под  ред. Маркса Н.А.;15000;
Р;2003073;нет;Россия.;Рукописная.Праздники. 2 половина 19 века.;19;Мягкий переплет.;20000;
Р;2003074;нет;Россия.;Рукописная.Праздники. 2 половина 19 века.;19;В мягком переплете.;10000;
Р;2003075;нет;Россия.;Рукописная.Праздники. 2 половина 19 века.;19;Переплет утрачен.;20000;
Р;2003076;нет;Россия.;Рукописная.Праздники. 2 половина 19 века.;19;В кожаном переплете.;30000;
Р;2003078;нет;Россия.;Рукописная.Праздники. 2 половина 19 века.;19;Редкость тираж 100 экз.;30000;
Р;2003079;нет;Россия.;Рукописная.Праздники. 2 половина 19 века.;19;Комплект из двух книг 1 и 2 издания.;100000;
Р;2003080;нет;Россия.;Рукописная.Праздники. 2 половина 19 века.;19;В мягком переплете, на рисовой бумаге,с цветными иллюстрвциями. Формат 12.;3600;
Р;2003081;нет;Россия.;Рукописная.Праздники. 2 половина 19 века.;19;Полукожаный переплет,тройной золотой обрез,с иллюстрациями Г.Дорэ ,сост отличное.;15000;
Р;2003082;нет;Россия.;Рукописная.Праздники. 2 половина 19 века.;19;Каталог. Формат 4. Лидериновый переплет.;8000;
Р;2003083;нет;Россия.;Рукописная.Праздники. 2 половина 19 века.;19;Полукожаный перепелет с таблицами и цветными рисунками. из-е 2.Я.А.Исакова.;16000;
Р;2003088;нет;Россия.;Рукописная.Праздники. 2 половина 19 века.;19;Черно-белые 17 штук.;6000;
Р;2003106;нет;Россия.;Рукописная.Праздники. 2 половина 19 века.;19;Мягкий перепле.Формат 4.;20000;
Р;2003107;нет;Россия.;Рукописная.Праздники. 2 половина 19 века.;19;Мягкая обложка. Формат 4.;20000;
Р;2003110;нет;Россия.;Рукописная.Праздники. 2 половина 19 века.;19;В полукожаном переплете. Формат 12.;50000;
Р;2003112;нет;Россия.;Рукописная.Праздники. 2 половина 19 века.;19;Издательский переплет. Формат  4;36000;
Р;2003192;нет;Россия.;Рукописная.Праздники. 2 половина 19 века.;19;В издательском переплете.;10000;
Р;2003198;нет;Россия.;Рукописная.Праздники. 2 половина 19 века.;19;С автографами.;5000;
Р;2003201;нет;Россия.;Рукописная.Праздники. 2 половина 19 века.;19;Формат 8.;2000;
Р;2003221;нет;Россия.;Рукописная.Праздники. 2 половина 19 века.;19;нет;175000;
Р;2003228;нет;Россия.;Рукописная.Праздники. 2 половина 19 века.;19;В мягком переплете.;6000;
К;2003806;нет;Карьев Н.;Монархи древнего востока и греко-римского мира.;1904;нет;2000;
З;2003304;нет;Золотницкий Н.Ф.;Аквариум любителя.;1916;нет;3000;
Ж;2003309;нет;Журнал.;Новый Сатирикон. Журнал. №8 1917;1917;нет;1000;
Б;2003321;нет;Белох Ю.;История Греции. В 2-х т.;1905;Два тома в одном переплете. В полукожаном переплете.;20000;
Г;2003324;нет;Гартман К.О.;История архитектуры. т.2.;1938;нет;600;
С;2003325;нет;Снегирев В.;Аристотель Фиораванти и перестройка Московского Еремля.;1935;нет;600;
К;2003326;нет;Конради В.;Франс Гальс.;1933;В издательском переплете.;1600;
К;2003333;нет;Кропоткин П.;Исследования о ледниковом периоде.;1876;Издание в современном цельнокожаном переплёте,с картами.;25000;
С;2003334;нет;Софокл;Драмы;1915;Том 2. Перевод  Зелинского Ф.;1600;
Р;2003339;нет;Россия;Альбом под старые открытки.;1910;нет;1200;
Т;2003343;нет;Толстой Л. Н.;Не могу молчать.;1908;Прижизненное издание автора.;3000;
Б;2008025;нет;Богданов А.;Материалы для истории.;1888;Издание в современном цельнокожаном переплёте.;30000;
Ж;2003348;нет;Журнал.;Задушевное слово;1912;Журнал № 51;600;
Р;2003354;нет;Россия;Новости естественных наук.;1860;Журнал.;400;
Р;2003355;нет;Россия.;Фотографтя. К.К. Булла.;1907;нет;4200;
К;2003358;нет;Корнеев Е.;Гравюра.Игра в Приставки.;1812;нет;50000;
К;2003360;нет;Корнеев Е.;Гравюра. ;1812;Цветная гравюра в раме.;50000;
К;2003365;нет;Корнеев Е.;Гравюра. Москва.;1812;Гравюра в раме.;50000;
П;2003369;нет;Пушкин А.С.;Пушкин А.С. Библиотека Великих Писателей. т.5.;1911;нет;6000;
Т;2003371;нет;Толстой Л.;Толстой  Л.Н. с\с т. 22.;1913;Издание Сытина И.Д. Без на кладки.;100;
Д;2003373;нет;Донварь- Запольский М.В.;Русская история в очерках и статьях. т.2.;1905;В издательском переплете.;2000;
F;2003383;нет;Francis L.;Narrative of The Expedition of an American Squadron/;1856;В издательском переплете. На англ. яз.;20000;
К;2003384;нет;Карта.;Гравюра.Карта Москвы.;1800;Катра в раме  на нем.яз.;10000;
Ч;2003391;нет;Чехов А.П.;Чехов А.П. т.5,6.;1903;Прижизненое издание,в издательском переплете.;3600;
Б;2003392;нет;Барселона.;Рекламный плакат машин. ;1920;Плакат цветной в раме.;6000;
С;2003393;нет;Сарагоса.;Рекламный плакат.;1920;Цветной плакат в раме.;6000;
Р;2003394;нет;Россия.;Гравюра. Дочь царя  Иоана Александровича Екатерина.;0;Издание Фридебург Г.К.;40000;
Р;2003395;нет;Россия.;Гравюра. Дочь царя Иоана Александровича. Просковья.;0;Цветная гравюра. Издание Фридербург Г.К.;40000;
Д;2003404;нет;Дубровин Н.Ф.;История Крымской Войны. т. 2.;1900;В издательском переплете.;15000;
К;2003410;нет;Купффер Э. Ю.;Жилой дом.;1905;нет;12000;
В;2003418;нет;Вебб Б.;Теория и практика трэд-юнионизма.;1900;Издание в 2-х томах.Первая переводная книга Ленина В. И.;20000;
Р;2003425;нет;Россия;Основа.;1862;Южно-русский литературно-учёный вестник.;1000;
С;2003434;нет;Сахаров П.;Сказания русского народа.;1841;Том 1:книги 1,2,3,4.;8000;
Т;2003438;нет;Тургенев И.С.;Повести и рассказы. И.С. Тургенева. ч.1,2.;1856;нет;40000;
Р;2003483;нет;Россия.;Временное трудовое свидетельство для буржуазии.;1918;нет;2000;
Г;2003485;нет;Глоба Андрей.;Фамарь.;1923;нет;3600;
Ч;2003486;нет;Чёрный С.;Сатиры и лирика.;1917;Книга вторая. 3-е издание.;4000;
П;2003487;нет;Покровский Н. В.;Церковная археология.;1916;нет;3000;
Г;2003807;нет;Герцен А.И.;Сборник посмертных статей Герцена А.И.;1874;Редкость.;3000;
Б;2005493;нет;Брокгауз и Ефрон.;Энциклопедический словарь. т. 31.;1901;-;600;
П;2003516;нет;Прутков К.;Прутков К. Полное с\с в одном томе.;1927;нет;400;
Б;2003519;нет;Брэм.;Жизнь животных. В 3-х т.;1902;В издательских переплетах.;20000;
З;2003520;нет;Зайцев Б.;Борис Зайцев. Рассказы.;1906;Первая книга.Издание Шиповник.;10000;
Б;2003531;нет;Батюшков И.;Сочинение в прозе и стихах.;1834;нет;50000;
С;2003532;нет;СССР;14 съезд ВКП(б);1932;нет;200;
А;2003568;нет;Айхендорф.;Новеллы.;1882;нет;1600;
Р;2003582;нет;Россия;Ликбез документ.;1920;нет;3000;
П;2003583;нет;Польша;Свидетельство врачебное.;1866;нет;3000;
;2007275;нет;;Большая энциклопедия Южакова. Том 19.;1901;-;2800;
Р;2003588;нет;Россия;Прибавление. СПБ ведомости.;1771;нет;1000;
Р;2007468;нет;Россия;Монета. Серебро.1894 год. с изобр. Александра 3;1894;нет;4000;
П;2003678;нет;Павловский О.;Скромный и постный стол.;1876;нет;34000;
Б;2003680;нет;Бирюков П.;Толстой Л. Н. Биография.;1906;-;3000;
Л;2003681;нет;Лейпциг;Книга на нем. яз.;1893;Готический нем. яз.;800;
Р;2003682;нет;Рафес М.;У великой могилы.;1924;-;8000;
Р;2003689;нет;Россия.;Открытка. Альбом - открытка Горький.;1929;нет;2000;
Р;2003690;нет;Россия;Открытка. Альбом - открытка Сталин.;1929;нет;7600;
Р;2003691;нет;Россия;Открытка. Альбом - открытка Ворошилов.;1929;нет;7600;
П;2003692;нет;Пильшаков В.;Открытка. Казак на лошади. ( рисованная ).;1907;Предположительно с автографом. ( атрибутации нет ).;7600;
Щ;2003707;нет;Щеглов М.;Комплект открыток. ( 4 шт. );1910;Русские типажи. Комплект с незначительными дефектами.;14000;
Б;2003737;нет;Бильченко О. С.;Зеркальное производство.;1928;-;360;
В;2003746;нет;Величко К.И.;Военная энциклопедия т. 6;1912;нет;8000;
П;2003748;нет;Покровский М.Н.;Русская история с древнейших времен. т.2;1913;нет;6000;
Б;2003761;нет;Брем;Жизнь животных. Птицы.;1911;Том 6.;2800;
Б;2003763;нет;Брем;Жизнь животных. Птицы.;1911;Том 7.;2800;
Д;2003766;нет;Достоевский Ф.М.;Достоевский с\с т. 19;1911;нет;200;
М;2003768;нет;Майков А.Н.;Майков А.Н..т.1;1912;нет;360;
Л;2003769;нет;Луначарский А. В.;Л. Н. Толстой в Атапове.;1929;-;1000;
Б;2003775;нет;Библиотека Великих Писателей.;Библиотека Великих Писателей. в 20т.;1904;В полукожаном переплете.;380000;
М;2003776;нет;Мущерский И.;Динамика точки переменной массы.;1897;В мягком переплете.;500000;
И;2003780;нет;Изогиз.;Борьба за мир.;1932;нет;1000;
Р;2004971;нет;Россия.;Почтовая карточка. Клей марку.;1932;-;600;
Д;2003825;нет;Достоевский Ф.М.;Достоевский  Ф.М. с\с в 12т.;1889;Вмягких переплетах.;5000;
Р;2003828;нет;Ростовский Д.;Жития Святых. кн 6 февраль.;1905;В полукожаном переплете. отл. сост.;40000;
Р;2003829;нет;Ростовский Д.;Жития Святтых. Январь.кн.5.;1904;В кожаном переплете. Состояние отличное.;40000;
Р;2003830;нет;Ростовский Д.;Жития Святых .Книна 4. Декабрь.;1903; В кожаном переплете.Состояние отличное.;40000;
Р;2003831;нет;Ростовский Д.;Жития Святых.Книга 3 Ноябрь.;1902;В кожаном переплете. Отличное состояние.;40000;
Р;2003832;нет;Ростовский Д.;Жития Святы. Книга 2. Октябрь.;1902;В кожаном переплете.;40000;
Н;2003833;нет;Никольский В.;История русского искуства.;1923;Всовременном кожаном переплете.;20000;
Р;2003835;нет;Ростовский Д.;Жития Святых. Дополнительная книга 1. (сентябрь-декабрь.);1908;В полукожаном переплете.;60000;
Г;2004923;нет;Гейне Г.;Гейне Г. с\с 6т.;1904;-;10000;
Р;2003841;нет;Россия.;Фотографии а альбоме Военно-Медицинская Академия. 1798-1898;1890;нет;20000;
В;2003842;нет;Вострецова А.;Живопись 1920-1930;1989;нет;800;
К;2003866;нет;Краснов А.Н.;Великие религии Востока.;1899;нет;6000;
 ;2003867;нет; Краснов А.Н.;Великие религии Востока.;1899;нет;6000;
 ;2003868;нет; Краснов А.Н.;Великие религии Востока.;1899;нет;6000;
 ;2003869;нет; Краснов А.Н.;Великие религии Востока.;0;нет;6000;
 ;2003870;нет; Краснов А.Н.;Великие религии Востока.;1899;нет;6000;
Л;2003871;нет;Ленин В.И.;Филосовские тетради.;1934;нет;800;
Ш;2005998;нет;Шпрингер Я.;Французская цветная гравюра XVIII.;1903;Не хватает 4-х гравюр.;20000;
Д;2003974;нет;Дмитровская;Комплект тарелок.;0;Производство Вербилки. Комплект 6 шт.;1000;
А;2003988;нет;Анненский Ин.;Кипарисовый ларец.;1923;-;1600;
П;2003991;нет;Пастернак Б.;Спекторский;1931;-;2000;
С;2003992;нет;Сологуб Ф.;Жало сметри.;1904;-;3000;
К;2003993;нет;Кузьмин М.;Осенние озёра.;1912;-;3000;
Р;2003994;нет;Россия;Звезда. Журнал.;1929;№1.;200;
С;2003995;нет;Сологуб Ф.;Чародейная чаша.;1922;-;5000;
Л;2004037;нет;Лаплас;Опыт философии.;1908;-;800;
Г;2004039;нет;Гербель Н. В.;Русские поэты.;1888;-;4000;
;2004040;нет;;Настольный словарь.;1926;-;2000;
Т;2004041;нет;Толстой Л. Н.;Детство, отрочество и юность.;1889;Изд. 8, часть 1.;3600;
Л;2004049;нет;Лернер Н. О.;Труды и дни Пушкина.;1910;-;3000;
К;2005999;нет;Клейн.;Астрономические вечера.;1900;-;10000;
Р;2007616;нет;Россия;Фото.Война.;1903;-;600;
Р;2007469;нет;Россия;Монета.Один рубль. Серебро.;1818;нет;3000;
М;2004160;нет;Муратов П. П.;София.;1914;Журнал искусства.;4800;
Г;2004162;нет;Грабарь Иг.;История архитектуры.;1903;Искусство.;2000;
М;2004168;нет;Маца И.;Беседы об архитектуре.;1935;Искусство.;2000;
;2004176;нет;;Аргонавты.;1923;Журнал. Вып. 1.;2000;
А;2004179;нет;Автомонография.;Грабарь И. Э.;1937;Искусство.;3600;
;2004183;нет;;Мир искусства.;1904;Журнал. Вып. 1.;1600;
П;2004192;нет;Преображенский В.;Описание Тверской губернии в сельскохозяйственном отношении.;1854;Экономика.;20000;
В;2004194;нет;Вебер Г.;Указатель к первым четырём томам всеобщей истории.;1888;Библиография.;2600;
В;2004195;нет;Вебер Г.;Всеобщая история. т. 1.;1890;История.;3600;
Р;2004227;нет;Россия.;Беседующий гражданин. Ежемесячное издание.;1789;Редкость. Неустроев Исторические разыскания. стр.534-541. Лисовский. стр 81. Губерти 2. стр 136...;40000;
Д;2004279;нет;Далькевич М. М.;Галлерея Графа Кушелева - Безбородко.;1911;В 5- ти папках. Комплект неполный.;25000;
А;2004307;нет;Анненков Н.;Ботанический словарь.;1878;Наука.;12000;
Р;2004308;нет;Рафалович С.;Стихотворения. Сборник четвёртый.;1913;Редкость. Издание было конфискованно.;12000;
Д;2004309;нет;Достоевский Ф. М.;Дневник писателя.;1876;Первое прижизненное издание. Титульного листа в этом издании не было.;140000;
Р;2004381;нет;Россия.;Указ. О кончине Его Императорского  Высочества  Принца  Георгия  Голштейн-Ольденбургского.;1813;Автограф  Князя  Гагарина.;14000;
Р;2004383;нет;Россия.;Указ.  Князю  Горчакову.;1813;Автограф Князя Гагаригна.;14000;
;2004387;нет;;Проэкты памятника Фомину И. А.;1939;Архитектура.;400;
М;2004389;нет;Михайловский Е. В.;Архитектор Джонс.;1939;Архитектура.;400;
;2004391;нет;;Ежегодник музея архитектуры.;1937;Архитектура.;600;
;2004399;нет;;Каталог художественных произведений.;1917;-;1000;
Э;2004411;нет;Эль-Регистан.;Большой Ферганский канал им. Сталина.;1939;История.;400;
Н;2004414;нет;Найдёнов  Н.;Москва. Фотогравюры.  В 13 томах. Неполный комплект. Всего шесть томов :  Том 1 часть 1, Том 2 часть 2, Том 3 часть 3 Отделение 1, Том 4 часть 3 отделение 2,  Том 9,  Том 11 приложение 2.;1882;Фотогравюры в отличной сохранности.;1000000;
;2004424;нет;;Минея.;1886;Книга на старославянском языке.;7500;
Г;2004482;нет;Гольденвейзер.;Письма Шопена.;1929;нет;600;
А;2004483;нет;Анциферов Н.Н.;Быль и миф Петербурга.;1924;нет;400;
Б;2004487;нет;БродскийН.Л.;Пушкин А.С. Биография.;1937;нет;1000;
Щ;2004488;нет;Щепкина-Куперник Т.;Песнь Брюссельских кружевниц.;1915;нет;3000;
М;2004507;нет;Михалков С.;Три товарища.;1938;Миниатюрное издание.;3600;
Б;2004511;нет;Белелюбский А.;Справочная книга для дорожных мастеров.;1935;-;600;
Р;2004512;нет;Раков В. А.;Локомотивы отесественных железных дорог.;1995;-;1000;
А;2004531;нет;Алемберт;Opuscules mathematiques.;1761;Первый том из 8-ми томного издания. Прижизненое издание.;10000;
С;2004534;нет;Солнышко.;Солнышко.Детский журнал. 2 кн.;1909;Детский журнал.;600;
М;2004597;нет;Мюнстер А.;Портретная галерея издание А.Мюнстера. Сто портретов.;1865;99 портретов. нет одного портрета.;200000;
З;2004598;нет;Забелин И.Е.;Москва в прошлом и настояшем. Вып  12;1904;нет;8600;
З;2004600;нет;Забелин В.И.;Москва в прошлом и настоящем. Вып 7.;1904;В мягком переплете.;8600;
;2004601;нет;;Московский Кркмль в старину и теперь. т.1.;1904;В магком переплете.;60000;
;2004602;нет;;Atlas du Voyage La Perouse. ;1793;65 листов + 1 портрет+титул.;300000;
З;2004604;нет;Забелин И.;Москва в её прошлом и настоящем.;1910;История.;8000;
З;2004605;нет;Забелин И.;Москва в её прошлом и настоящем.;1910;История.;8000;
П;2004606;нет;Польша.;Оригинал 63-го пехотного полка.;1937;История.;300000;
Ж;2004636;нет;Жорж Мапу.;Рисунки Жоржа Мапу. 22шт.;0;Из архива Жоржа Мапу.;4400;
Ж;2004637;нет;Жорж Мапу.;Эскизы театральных декораций Жоржа Мапу.;0;Из архива Жоржа Мапу.;2600;
Ж;2004638;нет;Жорж Мапу.;Экслибросы Жоржа Мапу. 76шт.;0;Из архива Жоржа Мапу.;15000;
К;2004772;нет;Крушевский С.;Женщина. С медецинской точки зрения.;1876;-;3000;
;2004775;нет;;Календарь русской природы. 1916г.;1916;-;3000;
;2004776;нет;;Модели сезона 1939г.;1939;-;1000;
М;2004793;нет;Михайловский Е. В.;Архитектор Иниго Джонс.;1939;Искусство.;500;
Г;2004836;нет;Грабарь Иг.;Репин ;1937;Альбом в 2-х томах.;15000;
Н;2004878;нет;Некрасов Н.А.;Некрасов Н.А. в 2-х т.;1902;В издательском переплете.;1800;
К;2004888;нет;Карамзин Н. М.;Письма русского путешественника.;1905;-;3000;
Л;2004890;нет;Лермонтов М. Ю.;Сочинения. Том 1 и 2.;1891;-;1000;
Г;2004893;нет;Горин П.;Очерки по истории Советов.;1929;история.;160;
Г;2004896;нет;Гримм Г.;Микельанджело.;1913;Искусство.;160;
М;2004952;нет;Мятлев.;Сенсации и замечания госпожи Курдюковой.;1904;В 2-х книгах. Экз. № 131.;44000;
Р;2004973;нет;Россия.;Почтовая карточка. Подписка.;1931;-;600;
Р;2004974;нет;Россия.;Почтовая карточка. Экономь время.;1931;-;600;
;2004975;нет;;Конверт. Заказное письмо. Харбин.;1933;-;1200;
Р;2004976;нет;Россия.;Почтовая карточка.;0;-;300;
;2005012;нет;;Документы по истории литературы.;1922;Вып. 1. Достоевский Ф. М.;300;
З;2005013;нет;Зеленина К.;Франс Мазереель.;1930;-;400;
А;2005055;нет;Андреев Л.;Собрание сочинений в 8-ми томах.;1913;-;5000;
Д;2005082;нет;Дружинин А.;Животный и растительный мир прошлого земли.;1947;-;200;
Р;2005138;нет;Россия.;Старые годы.;1913;Журнал.;800;
Р;2005139;нет;Россия.;Старые годы.;1913;-;800;
А;2005144;нет;Армалле.;Мария Антуаннета.;1870;Книга на французском языке.;7600;
;2005145;нет;;BOINDIN.;1753;Книга на французском языке.;1200;
Т;2005146;нет;Тимирязев К.;Об усвоении света растением.;1875;Суперредкость.;150000;
Б;2005168;нет;Брокгауз Ф. Ефрон И.;Энциклопедический словарь.т23.;1898;-;1000;
;2005233;нет;;Монета. 5 марок. Пруссия.;1876;нет;3200;
;2005234;нет;;Монета. 1 талер коронационный.;1861;нет;3800;
;2005292;нет;;Фотография. Офицеры в автомобиле.;1914;-;2400;
Р;2005303;нет;Руставели Ш.;Витязь в тигровой шкуре.;1937;Книга издательства AKADEMIA.;1000;
;2005304;нет;;Польская эмиграция.;1866;история.;2000;
З;2005305;нет;Забелин Ив.;История города Москвы.;1905;Книга в современном переплёте.;25000;
Э;2005307;нет;Эфрос Абрам.;Книга Руфь.;1925;-;8000;
Г;2005308;нет;Гоффман Эрнст.;Дон-Жуан. Кавалер Глюк.;1918;Экз. №60.;8000;
Б;2005310;нет;Бернард М.;Песни русского народа.;1847;-;30000;
;2005347;нет;;Литературный ежегодник.;1909;Литературный альманах.;1200;
Н;2005349;нет;Немирович-Данченко В. И.;Гаврюшкин плен.;1902;-;1200;
;2005395;нет;;Курс женских рукоделий.;1888;-;18000;
П;2005396;нет;Писемский А. Ф.;Собрание сочинений в 8-ми томах.;1910;-;12000;
З;2005397;нет;Зееманн О.;Мифология.;1893;-;2000;
Г;2005398;нет;Гершель Д.;Простые беседы о научных предметах.;1868;-;3000;
;2005399;нет;;Христианское чтение.;1856;-;10000;
Н;2005466;нет;Никифоров Д.Н.;Старая Москва.;1902;С автографом автора.;40000;
Н;2005469;нет;Никитин Н.;Кулак. Поэма.;1858;Прижизненное издание.;50000;
Б;2005470;нет;Батюшков К.;Опыты в стихах и прозе. ч.1 проза.;1817;нет;35000;
Ф;2005480;нет;Филдинг.;Деяния господина Вилда.;1785;Том 1.;10000;
Б;2005481;нет;Боннет Г.;Созерцание природы.;1793;Части 2 и 3.;12000;
;2005482;нет;;Тайная переписка знаменитых особ.;1808;Два тома в одном переплёте.;30000;
;2005491;нет;;Всесоюзная сельскохозяйственная выставка.;1939;-;4400;
;2005494;нет;;Русские художники. Репин И. Е.;1894;Искусство.;12000;
;2005501;нет;;Сборник оборонных песен.;1938;-;200;
Ш;2005505;нет;Шокальский Ю.;Океанография.;1917;-;12000;
К;2005545;нет;Киплинг Р.;Самая удивительная павесть в мире.;1912;-;2000;
Б;2005556;нет;Брокгауз и Ефрон.;Энциклопедический словарь. т.11.;1894;-;600;
Б;2005557;нет;Брокгауз и Ефрон.;Энциклопедический словарь. т.13.;1894;-;600;
;2005571;нет;;Энциклопедический словарь Брокгауз и Ефрон.;1891;Том 4. Издание в томах.;600;
Б;2005633;нет;Бирюков П.;Толстой Л. Н. Биография.;1908;-;3000;
С;2005637;нет;Сандзин.;Нихон. Мукаси. Банаси.;1901;-;5200;
;2005652;нет;;Комплект программ.;1933;Комплект из 8-ми шт. Рисунки.;20000;
;2005655;нет;;Крепостничество и воля.;1911;-;3000;
;2005700;нет;;Сборник биографий кавалергардов.;1897;-;60000;
Д;2005713;нет;Долгова Ек.;Флоренция.;1913;-;200;
Ш;2005741;нет;Шарль Нодье.;Жан Сбогар.;1934;-;1400;
В;2005754;нет;Венгеров С.;Критико-биографический словарь русских писателей и учёных.;1915;Том 1.;4000;
;2005760;нет;;Русская поэзия.;1893;-;600;
Ю;2005828;нет;Юон К.;Литография. Домик в посаде.;0;-;2000;
Ю;2005829;нет;Юон К.;Литография. Вид Лавры с дубом.;0;-;2000;
;2005830;нет;;Литография. Олени.;0;-;1500;
;2005831;нет;;Литография. Лама.;0;-;1500;
;2005832;нет;;Литография. Калибри.;0;-;1500;
;2005833;нет;;Литография ворона.;0;-;1500;
;2005834;нет;;Литография. Белая куропатка.;0;-;1500;
;2005835;нет;;Литография цветная. Муфлон.;0;-;1500;
;2005836;нет;;Литография. цветная. Голуби.;0;-;1500;
;2005838;нет;;Литография. Голуби.;0;-;1500;
;2005839;нет;;Литография. Полевой жаворонок.;0;-;1500;
;2005840;нет;;Литография. Лысуха.;0;-;1500;
;2005841;нет;;Литография . Канарейка.;0;-;1500;
Г;2005862;нет;Гейстбек А.;Альбом картин по географии.;1899;-;800;
Р;2005879;нет;Россия.;Альбом для фотографии.;1903;Иллюстрации Каразина. Нет замка.;24000;
К;2005880;нет;Конради Е.;Чёрные богатыри.;1885;-;6000;
К;2005884;нет;Кашпирёва С.;Семейные вечера.;1877;-;6000;
Т;2005886;нет;Толстой Л. Н.;Воскресение.;1918;-;1000;
Т;2005887;нет;Татищев И.;Полный французский и российский лексикон.;1798;-;10000;
;2005891;нет;;Гравюра в раме. Олсуфьев.;0;-;3000;
Н;2005892;нет;Н\Х.;Акварель в раме.;0;-;12000;
Р;2005919;нет;Россия.;Новый сатирикон. Журнал.;1917;-;500;
Р;2005920;нет;Россия.;Великая русская революция. Журнал.;1917;-;800;
Р;2005921;нет;Россия.;Великая русская революция. Журнал.;1917;-;800;
Р;2005922;нет;Россия.;Новый сатирикон. Журнал.;1917;-;500;
Р;2005924;нет;Россия.;Свидетельство.;0;-;1000;
Р;2005925;нет;Россия.;Свидетельство.;0;-;1400;
Р;2005926;нет;Россия.;Протокол.;0;-;1400;
Р;2005927;нет;Россия.;Свидетельство. ;0;-;1600;
Р;2005928;нет;Россия.;Свидетельство.;0;-;1600;
Р;2005929;нет;Россия.;Свидетельство.;0;-;1600;
Р;2005945;нет;Россия.;Судебное дело. \ Чирачевой.\4 листа.;1821;-;10000;
;2005949;нет;;Модерн Флоренции.;1915;Издание в 2-х томах.;800;
С;2005960;нет;Сычков Ф.;У мостков. Картина.;1916;Картина в раме. Имеется экспертное заключение.;3500000;
Ф;2005997;нет;Филатов Н.;Семиотика и диагностика детских болезней.;1891;-;15000;
Г;2006001;нет;Гоголь Н. В.;Мёртвые души.;1900;-;56000;
В;2006034;нет;Велишский Ф. Ф.;Быт греков и римлян.;1878;-;8000;
;2006044;нет;;Отчёт Всемирного Комитета.;1913;-;3000;
;2006045;нет;;Отчёт Временного Комитета.;1915;-;4600;
Ц;2006048;нет;Цимбаленко Л. И.;Указатель внутренних водных путей.;1918;Том 2.;9000;
К;2006051;нет;Киттар М.;Карта кожевенного производства России.;1875;-;3200;
;2006053;нет;;Отчёт о работе Петроградских городских железных дорог.;1923;-;2200;
G;2006054;нет;Giedion S.;Bauen in frankreich eisen eisenbeton.;0;-;10000;
П;2006055;нет;Польковский И. О.;Материалы для описания русских рек.;1903;-;4600;
К;2006056;нет;Кандиба Б. Н.;Материалы для описания русских коммерческих портов.;1897;-;4600;
;2006057;нет;;Торговый Дом Герман Экстер.;1906;Прейс-курант.;6800;
;2006059;нет;;Торговый Дом Шулькин Ю.;1913;-;10000;
;2006060;нет;;Выпуск инженеров сообщения.;1930;-;20000;
Г;2006069;нет;Грэф М.;Мотивы дачной  деревянной архитектуры.;1912;-;3000;
П;2006073;нет;Поварнин Г.Г.;Основы хромоваго дубления.\Хромодуление кожи.\;1910;-;1600;
П;2006074;нет;Патон Е.О. Горбунов Б.Н.;Стальные мосты т.1  фермы блочной системы.;1930;-;3000;
П;2006075;нет;Передерий Г.П.;Курс железо-бетонных мостов.;1923;-;2000;
П;2006076;нет;Патон Е.О.;Железные мосты. т. 3,4. Проезжая часть и тротуары.;1913;-;6800;
;2006077;нет;;Полная школа строительного искусства.;1904;-;2000;
;2006078;нет;;Справочник американской техники и промышленности 1939г.;1939;-;3000;
Ж;2006079;нет;Журнал. Комплект.;Прегрессивное садоводство и огородничество. ;1912;-;3000;
К;2006080;нет;Курдюмов В. ПистолькорЕ.;Материалы для курса строительных работ. вып 5. деревянные сопряжения.\атлас.\;1900;-;2000;
Щ;2006083;нет;Щербинин Г.;К вопросу об организации земледельческих приютов для сельских сирот.;1915;-;3000;
Г;2006090;нет;Глебов И.;Учебный курс истории.;1911;-;2000;
;2006100;нет;;Автофотометр.  Вып 11.;1930;-;200;
Ф;2006116;нет;Филатов Я.;Отдел водопроводов Филатова .;1914;-;5400;
;2006117;нет;;Мальцовский завод. Людиново. калужской области.;1913;-;2000;
;2006121;нет;;Каталог инструментов Ветеринарной  Хирургии.;1915;-;5400;
;2006123;нет;;Игрушки на румынском языке.;0;-;6400;
Л;2006126;нет;Липин В.;Металлургия чугуна, железа, стали. т.1;1904;-;5000;
;2006128;нет;;Камины, печи.;1920;На чешк.яз.;2000;
;2006129;нет;;Архитектурно-художественный еженедельник.;1915;-;23000;
П;2006132;нет;Погодин;Русский исторический сборник.;1840;Том 4.;1600;
М;2006142;нет;Малоховец.;Кулинария.;1903;Деффект. Нет титульного листа, нет 40 страниц.;1600;
Ю;2006158;нет;Южаков С.Н.;Большая энциклопедия т. 2.;1902;-;2600;
Ю;2006180;нет;Южаков С.Н.;Энциклопедический словарь т.12.;1902;-;2600;
П;2006190;нет;Прилежаев А.;Подбор и изготовление желтых светофильтров.;1912;-;600;
;2006191;нет;;Кулинария.;1896;-;8000;
Р;2006194;нет;Рамачарака И.;Знания йоги.;1914;-;4000;
Т;2006198;нет;Туркин Ф.;Жизнь животных. ;1925;-;600;
Л;2006199;нет;Ламарр А.;Новое руководство для любителей фейерверочного искусства.;1884;-;4000;
П;2006202;нет;Панчулидзев С.;История кавалергардов 1724-1899. т.1.;1899;-;40000;
С;2006203;нет;Симиренко Л.П.;Крымское промышленное плодоводство.;1912;-;14000;
;2006205;нет;;Пятьдесят лет Высшей Сельскохозяйственной Школы в Петровском-Разумовском. т 2. ч. 1.;1917;-;6600;
;2006218;нет;;Последние дни жизни А.С. Пушкина. Со слов бывшего его лицейского товарища и секунданта К.К. Данзаса.;1863;Издание Исакова Я.А.;12000;
К;2006219;нет;Каченовский М.;Вестник Европы. сентябрь- октябрь.;1829;-;16000;
М;2006224;нет;Метерлинк М.;Синяя птица.;1908;-;800;
;2006231;нет;;Путеводитель по Бельгии. С картами.;1905;-;1400;
;2006248;нет;;Фигура банкира. Металл, разукрашенная.;0;-;20000;
;2006290;нет;;Дни священного коронования.;0;-;15000;
Г;2006325;нет;Гидони.;Роден.;1914;-;360;
Б;2006329;нет;Борисов С.;Баженов.;1937;-;160;
З;2006337;нет;Зуев Н.;Всеобщая история.  ч.1. \древняя история.\;1851;-;5000;
Р;2006338;нет;Рембза П.;Мемуары г-жи де Ремюза. т.2.;1915;-;1000;
Н;2006339;нет;Никитенко А.В.;Никитенко А.В. моя повесть о самом себе. Записки и дневники. т. 2.;1905;-;600;
Б;2006340;нет;Бокль.;История цивилизации в Англии. 2т в одном пер.;1895;-;800;
Ф;2006341;нет;Фридлянд Ц.;История революционного движения западной Европы.\Хрестоматия.\;1924;-;600;
М;2006342;нет;Милля.;Основания политической экономии.;1909;-;600;
О;2006366;нет;Орбинский А. Р.;Физика неба.;1905;-;3000;
Я;2006408;нет;Яковенко В. И.;Томас Мор.;1891;-;2000;
Ф;2006409;нет;Фаусека В.;Линней К.;1891;-;3000;
Т;2006413;нет;Томпсон Эр.;Естественная иитория.;1910;-;800;
К;2006416;нет;Карлин М.;Золотая рыбка.;1902;-;2000;
С;2006418;нет;Савич С. Е.;Теория функций комплексного переменного.;1906;-;600;
Ц;2006419;нет;Цукерман С.;Руководство к употреблению.;1901;-;600;
Л;2006423;нет;Лидбитер.;Ментальный план.;1912;-;1400;
Ш;2006424;нет;Шабский А.;Что такое воздушный винт.;1910;-;800;
А;2006425;нет;Арефьев В. И.;Теория несущих поверхностей аэроплана.;1910;-;800;
Ш;2006427;нет;Шнаусс Г.;Руководство к изготовлению диапозитивов.;1902;-;600;
;2006428;нет;;Художественная отделка фотографии.;1902;-;800;
Л;2006429;нет;Ландвез.;Фото-сангвин.;1895;-;800;
Л;2006430;нет;Лонг В.;Маленькие строители.;1905;-;400;
Л;2006431;нет;Лонг В.;Богатырь лесов.;1903;-;400;
Л;2006433;нет;Лонг В.;Охота без ружья.;1903;-;400;
А;2006434;нет;Алтаев А.;Под знаменем Башмака.;1896;-;1000;
Ж;2006461;нет;Журнал.;Столица и усадьба.\ комплект.\;1913;-;330000;
;2006481;нет;;Собаки.;1925;-;300;
Г;2006483;нет;Горчилин А. И.;!905 год.;1933;-;400;
;2006484;нет;;Жизнь и творчество Орленева.;1931;-;400;
А;2006485;нет;Ахматова А.;ANNO DOMINI.;1921;-;6000;
С;2006486;нет;Сологуб Ф.;Костёр дорожный.;1922;-;5000;
А;2006487;нет;Абрамов С.;Зелёный зов.;1922;-;1600;
Г;2006488;нет;Глоба А.;Корабли издалека.;1922;-;10000;
И;2006489;нет;Истрати П.;Нерантсула.;1927;-;1000;
Б;2006492;нет;Брюсов В.;Последние мечты.;1920;-;500;
П;2006493;нет;Пастернак Б. ;Сестра моя жизнь.;1923;-;10000;
К;2006506;нет;Кареев Н.;Учебная книга новой истории. в 3-х т.;1910;-;1000;
Б;2006507;нет;Булгаков С.;От марксизма к идеализму.;1903;-;1000;
Э;2006509;нет;Эдвин Арнольд.;Свет Азии.;1906;-;800;
Ж;2006510;нет;Железнов В.Я.;Очерки политической экономии. в 2-х т.;1918;-;400;
;2006511;нет;;Триумф женщины. Из мира песен и любви.;1893;-;600;
Ж;2006512;нет;Журнал.;Исторический вестник.;1915;-;400;
;2006513;нет;;Агриппа Неттесгеймский. Оклеветанный ученый.;0;-;500;
;2006515;нет;;Сто великих людей. Блаженный Августин,Франциск Ассизкий. кн 6.;0;-;300;
;2006517;нет;;Илья Сац.;1923;-;300;
С;2006534;нет;Саводник В.;Краткий курс истории русской словесности.;1914;-;3000;
М;2006585;нет;Магницкий;Арифметика;1703;нет титульного листа, нескольких страниц;150000;
;2006590;нет;;Маркиза. В коробке из сафьяна, эмалевые накладки.;2009;Сафьяновый пепеплет, эмалевые накладки.Репринтное издание.;10000;
;2006592;нет;;История карандаша. Карандашной фабрики Иогана Фабер.;0;-;1800;
;2006644;нет;;Русские судебные ораторы в известных уголовных процессах. т. 4.;1919;-;10000;
Щ;2006645;нет;Щюре Э.;Великие посвященые.Очерки эзотеризма религии.;1910;-;15000;
;2006646;нет;;Русский балет.;1913;-;10000;
Б;2006649;нет;Брокгауз и Ефрон.;Энциклопедический словарь. т. 60;1900;-;1400;
У;2006669;нет;Украина.;Марки. 27 шт.;0;-;840;
Р;2006672;нет;Россия.;Марка. Рука дающего неоскуднеет.;0;-;600;
Р;2006673;нет;Россия.;Марка. Московский союз родных и близких военнопленных.;0;-;600;
;2006678;нет;;Гравюра. Вид Московск. Ставропияльного Симонова Монастыря.;1929;-;9000;
Р;2006679;нет;Россия.;Гравюра. Вид города Парши.;0;-;9000;
Р;2006680;нет;Россия.;Литография. Сухаревская башня. Лестница.;0;нет;1600;
К;2006681;нет;Кравченко.;Литография. Кравченко.;1920;-;2000;
;2006682;нет;;Литография. Две лошади.;0;-;1000;
;2006685;нет;;Гравюра. Пейзаж.;0;-;2000;
;2006686;нет;;Гравюра Боборыкин.;0;-;600;
;2006687;нет;;Гравюра. Григорович.;0;-;600;
;2006712;нет;;Страна социализма.;1940;календарь.;3600;
С;2006771;нет;Стотт В.;Вэверлей. Роман.;1900;-;1600;
Б;2006830;нет;Быков П. В.;Песни Беранже.;1894;-;3000;
;2006847;нет;;Опись Московской Оружейной палаты.;1884;Ч.1, ч. 2 кн. 1, ч. 3 кн. 1, ч. 3 кн. 2, ч. 4 кн. 3, ч.5 кн. 4, ч. 7 т. 10. В 1 и 2 частях нет иллюстраций.;75000;
;2006848;нет;;Опись Московской Оруженой Палаты.;1885;Ч. 2 кн. 2. Серебряная посуда.;3000;
;2006849;нет;;Опись Московской Оружейной Палаты.;1884;Ч. 2 кн. 3, ч. 6 кн. 5. Древняя домашняя утварь. Конюшенная казна. ;5000;
Г;2006850;нет;Городская управа.;Московские хлебопекарни. в 1895;1896;-;600;
К;2006851;нет;Каменев В.И.;Материалы по изысканию новых источников водоснабжения гор. Москвы. работы 1927-1929гг. т. 2.;1929;-;2200;
Т;2006853;нет;Торквата Тасса.;Освобождение Иерусалима. Поэма. ч.2.;1828;-;8000;
;2006855;нет;;Стенографические отчеты о заседаниях Московской городской думы. ;1887;Декабрь 1887г.;10800;
;2006872;нет;;Плакат. Лубок.;0;-;2000;
;2006874;нет;;На славном посту.;0;-;400;
А;2006879;нет;Ардашев н.Н.;Татарская земляные письма. 15 в.;0;-;100;
Р;2006914;нет;Россия.;Марки пара сдвиг центра.;0;-;1200;
Р;2006916;нет;Россия.;Марки сер 2 шт.;1915;-;280;
Р;2006917;нет;Россия.;Марки 2 шт. сер.;1915;-;280;
Р;2006919;нет;Россия.;Марки комплект в альбоме.;0;-;22400;
С;2006920;нет;Самокиш Н.;Рисунок.  Самокиш Н. тушь,Народное гуляние на ходынском поле.\Императорский павильон.\;0;-;35000;
Р;2006932;нет;Россия.;Марка в пользу почтальона;0;-;600;
Р;2006933;нет;Россия.;Марка вв пользу почтальона.;0;-;600;
З;2006986;нет;Зворыкин.;Открытка.;0;-;3000;
;2006989;нет;;Открытка.;0;-;400;
Б;2007006;нет;Брикнер А.;История Екатерины Второй.;1885;Издание в 3-х томах. Цельнокожаные современные переплёты.;90000;
А;2007009;нет;Артигас И.;Гауди.;2008;-;2400;
П;2007013;нет;Пушкин А. С.;Библиотека великих писателей.;1907;Собрание в 6-ти томах. Издание Брокгауз и Ефрон.;100000;
Д;2007014;нет;Дживелегов А. К.;Великая реформа.;1911;Издание в 6-ти томах.;15000;
К;2007018;нет;Каллаш Б. Б.;Портреты русских писателей.;1904;-;8000;
К;2007020;нет;Ключевский В.;История сословий в России.;1914;-;800;
К;2007021;нет;Кайгородов Д.;Популярные очерки из мира растений.;1888;-;2800;
Т;2007022;нет;Тимирязев К.;Жизнь растения.;1896;-;1600;
Э;2007031;нет;Эльпе.;Обиходная рецептура.;1893;-;1000;
Б;2007043;нет;Барбаро Д.;Комментарии к Витрувию.;1938;-;10000;
;2007049;нет;;Руская история т 3 книга 6.;0;-;1000;
;2007051;нет;;Словарь натурального волшебства.ч.1. нет конца книги.;1795;книга кончается 560 стр.;3000;
А;2007052;нет;Алчевская Х.;Передуманное и пережитое.;1912;-;600;
П;2007110;нет;Пушкин А.С.;Сказка о царе Солтане.;1923;-;2000;
;2007111;нет;;Басни Крылова.;1923;-;2000;
Б;2007116;нет;Бальмонт К.;Край озириса.;1914;-;4000;
Б;2007118;нет;Брюсов В.;Гаврилиада.;1923;-;2000;
Б;2007119;нет;Батрак И.;Басни.;1928;-;1250;
Б;2007120;нет;Брюсов В.;Последние мечты.;1923;-;2500;
Т;2007121;нет;Тартаковер.;Певцы человеческого.;1923;-;1250;
Т;2007122;нет;Тихонов Н.;Поиски героя.;1923;-;1000;
Б;2007124;нет;Брюсова Н.;Временное и пространственное строение формы.;1911;-;2000;
Р;2007126;нет;Радлова А.;Корабли.;1920;-;1250;
Ж;2007127;нет;Жагадис.;Облака.;1905;-;2000;
И;2007128;нет;Иванов В.;Младенчество.;1918;-;2000;
Э;2007129;нет;Эрберг К.;Цель творчества.;1919;-;1000;
И;2007130;нет;Иванов В.;Прометей ;1019;-;2500;
Б;2007131;нет;Брюсов В.;Из моей жизни.;1927;-;1250;
Б;2007132;нет;Брюсов В.;Основы стиховедения.;1924;-;1250;
Б;2007133;нет;Бутягина В.;Лютики.;1924;-;2500;
И;2007247;нет;Иегер П.;История средних веков.;1904;Нет страниц, в потрепанном сомтоянии.;1000;
К;2007249;нет;Каспари А. А.;Наполеон в России.;1912;Иллюстрированное издание.;12000;
;2007250;нет;;Путеводитель к древностям и достопамятностям Московским.;1792;Часть 2. Редкость.;50000;
П;2007251;нет;Приор Г.;Генрих и Эмма.;1788;Лирическое сочинение. Редчайшая. Нет в библиотеке Ленина.;125000;
;2007252;нет;;Сборник т-ва Знание.;1904;Редкость. Первое издание Чехова А. Вишнёвый сад.;50000;
Р;2007253;нет;Руссо Ж. Ж.;Размышление о величестве Божии.;1769;Редкость. Нет в библиотеке МГУ.;60000;
;2007254;нет;;Регламент Императорской Академии наук и художеств.;0;Величайшая редкость. Нет ни в одной библиотеке.;300000;
М;2007255;нет;Менделеев Д.;Основы химии.;1869;Первое издание в 2-х томах.;400000;
Д;2007256;нет;Достоевский Ф.М.;Записки из мертвого дома в 2-х частях.;1862;Первое отдельное прижизненное издание.;100000;
И;2007257;нет;Ильинский Н.;Историческое описание города Пскова и его древних пригородов.ч. 1+2+5.;1790;нет;50000;
В;2007258;нет;Верейский Г.С.;Портреты русских художников автолитографии Верейского Г.С.;1922;нет;100000;
;2007260;нет;;Восстановление мостов. Атлас.;1924;-;9000;
П;2007261;нет;Патон Е.О.;Стальные мосты т. 1 фермы блочной системы.;1930;-;3000;
П;2007262;нет;Патон Е.О.;Деревянные мосты. Атлас с чертежами.;1921;-;6800;
П;2007263;нет;Патон Е.О.;Железные мосты. т. 1. фермы блочных мостов.;1915;-;3000;
П;2007264;нет;Патон Е.О.;Железные мосты. т. 4. связи между фермами.;1909;-;2000;
П;2007265;нет;Патон Е.О.;Деревянные мосты.;1915;-;3000;
;2007272;нет;;Волости и населённые места.;1896;-;2000;
;2007273;нет;;Приговоры и журналы Московской городской думы.;1887;-;500;
;2007274;нет;;Пятьдесят лет ВСШ в Петровском-Разумовском.;1917;Том 2. Часть 1.;5000;
Т;2007284;нет;Толстой А. Н.;Монотипия.;1934;-;100000;
Ш;2007285;нет;Шильдер Н. К.;Император Александр I.;1904;-;85000;
;2007286;нет;;Разруха 1825 года.;1908;-;1200;
Б;2007287;нет;Брикнер А. Г.;Смерть Павла I.;1907;-;1600;
Б;2007289;нет;Бердяева Н. А.;Хомяков А. С.;1912;-;3000;
Т;2007290;нет;Тарасов Е. И.;Дневники Тургенева Н. И.;1913;Издание в 3-х книгах. Архив братьев Тургеневых.;8000;
Ш;2007291;нет;Шахматов А. А.;Введение в курс истории русского языка.;1916;-;500;
П;2007292;нет;Павлов-Сильванский Н. П.;Очерки по русской истории.;1910;Том 2.;1000;
К;2007293;нет;Кизеветтер А. А.;История России.;1916;-;500;
Г;2007294;нет;Гершензон М. О.;История молодой России.;1923;-;1200;
;2007295;нет;;Интеллигенция в России.;1910;Сборник статей.;1600;
Б;2007299;нет;Борзаковский В. С.;История Тверского княжества.;1876;-;10000;
Л;2007300;нет;Лемке М.;Николаевские жандармы.;1909;-;3600;
П;2007301;нет;Пресняков А. Е.;Апогей самодержавия.;1925;-;400;
К;2007302;нет;Корнилов А. А.;Очерки по истории общественного движения и крестьянского дела в России.;1905;-;1600;
К;2007303;нет;Котляревский Н.;Декабристы.;1907;-;1200;
Я;2007304;нет;Янжул И. И.;Воспоминания.;1911;-;800;
В;2007305;нет;Веселовский А. Н.;Просветительный век.;1916;-;500;
С;2007310;нет;Страхов Н.;Борьба с западом в нашей литературе.;1882;-;400;
Х;2007311;нет;Херсонский С. В.;Калужская губерния в 1905 году.;1925;-;7600;
Д;2007312;нет;Довнар-Запольский М. В.;Обзор новейшей русской истории.;1914;Том 1.;600;
Б;2007313;нет;Бунаков Н. О.;Моя жизнь.;1909;-;1600;
П;2007315;нет;Пыпин А. Н.;Общественное движение в России при Александре I.;0;Нет титульного листа.;400;
М;2007316;нет;Мякотин В. А.;Из истории русского общества.;1906;-;1600;
П;2007317;нет;Пыпин А. Н.;Религиозные движения при Александре I.;1916;-;1600;
Б;2007318;нет;Барриве Л.;Общественное движение в царствование Александра II.;1911;-;1000;
Т;2007321;нет;Тургенев Н.;Россия и русские.;1915;-;2600;
К;2007322;нет;Корнилов А.;Курс истории России 19 века.;1914;Часть 3.;2000;
;2007326;нет;;300 лет тому назад книга на материале т-во Прохоровской Трехгорной м-ры.;0;-;60000;
Ю;2007348;нет;Южаков С.Н.;Большая энциклопедия. т. 3.;1904;-;2600;
И;2007357;нет;Иоксимович Ч.М.;Мануфактурная Промышленность канун мировой войны. Вып 1.;1915;В разбитом виде.;15000;
Ч;2007362;нет;Чарская Л.;Картина халст.ю масло, 80х90 Сирень.;2010;-;80000;
Р;2007364;нет;Рыбаков Николай.;Картина. Пращур 2 картон, темпера, масло. 79х84;1990;-;300000;
Е;2007368;нет;Елеонская Е.Н.;Сборник великорусских частушек.;1914;-;16000;
Д;2007372;нет;Достоевский Ф.М.;Бесы. ч. 3.;1873;Прижизненное издание.;100000;
;2007373;нет;;Отчет о движении сумм г. Москвы за 1913г. ч.2. Отчет и расход обыкновенного бюджета.;1914;-;9000;
;2007397;нет;;Версаль. альбом.;0;-;500;
Г;2007404;нет;Гарький М.;Канал  имени Сталина. История строительства.;1934;-;9600;
Б;2007418;нет;Брикнер А.;История Екатерины 2.;1885;-;10000;
Т;2007419;нет;Таиров А.;Записки режиссера.;1921;-;3600;
Ж;2007421;нет;Журнал.;Братское слово. Журнал.;1875;-;3000;
;2007453;нет;;Гравюра гроб князя Ярослава Владимировича.;0;-;600;
;2007454;нет;;Гравюра. Филарет.;0;-;1200;
;2007456;нет;;Гравюра Петр и Павел.;0;-;400;
;2007458;нет;;Гравюра Николай Чудотворец.;0;-;400;
;2007459;нет;;Лукоморье . Журнал 1914г.;1914;-;2000;
;2007460;нет;;Пламя.  Журнал.;0;-;800;
;2007461;нет;;Гравюра священник.;0;-;800;
;2007462;нет;;Детская Всемирная Литература 58 т.;0;-;16000;
Р;2007483;нет;Россия;Цепь для должностного знака. Латунь.;1864;нет;20000;
;2007485;нет;;Сто портретов русского общества.;1909;-;6000;
;2007487;нет;;Библия.;1917;-;6000;
Л;2007490;нет;Ломоносов М.В.;Ломоносов М.В. сочинения. ч. 1.;0;без титульного листа.;75000;
Г;2007491;нет;Гончаров И.;Обрыв т. 2.;1870;прижизненное издание. дефект.;16000;
Ч;2007502;нет;Чехов А. П.;Вишнёвый сад.;1904;Сборник Знание.;30000;
;2007505;нет;;Памятники древнерусского искусства. Императорской академии художеств. 4 выпуска.;1908;-;120000;
К;2007507;нет;Кайгородов Д.;Из царства пернатых.;1892;-;12000;
;2007511;нет;;Альбом архитектурных проектов. ;0;нет 8 вып.;100000;
;2007513;нет;;Героическая эпопея.;1935;Подарочное издание.;32000;
К;2007585;нет;Казаков М.;Казаков М.Ф. архитектор.Колонный зал дома Союзов.;1954;-;1400;
А;2007588;нет;Анисимов В.В.;Гравирование цветных офортов и эстампов.;1922;-;600;
;2007589;нет;;Панорама Петербурга времени Пушкина.;1949;-;1400;
М;2007590;нет;Михаловский И.Б.;Архитектурные формы античности.;1949;-;1200;
;2007591;нет;;Старая Москва.;1947;-;800;
;2007594;нет;;Напечатаная книга Евангилеево.;1833;реставрация оклада.;350000;
;2007598;нет;;Описание документов и бумаг хранящихся в московском арх-ве мин-ва юстиции. кн 7;1890;-;3000;
;2007599;нет;;Описание док-ов и бумаг хранящихся в моа-ом ар-ве мин. юстиции. кн.5;1888;-;3000;
;2007600;нет;;Описание док-ов хран-ся в моск-ом арх-ве мин. юстиции кн.4;1884;-;3000;
;2007601;нет;;Описание док-ов и бумаг хранящихся в моск. архиве мин.юстиции. кн.19.;1914;-;3000;
Л;2007631;нет;Ленор А.;Античное искусство.;1903;-;1200;
;2007632;нет;;Очерк преобразований в современной артиллерии.;1889;Том 1.;20000;
Х;2007633;нет;Хитрова М.;Невский А. Я.;1893;-;16000;
Р;2007645;нет;Россия.;Документ.;1913;-;400;
Р;2007647;нет;Россия.;Аттестат.;1915;-;1000;
Р;2007648;нет;Россия.;Похвальный лист.;1914;-;5000;
Р;2007649;нет;Россия.;Похвальный лист.;1914;-;3000;
Р;2007650;нет;Россия.;Похвальный лист.;1912;-;3000;
Р;2007651;нет;Россия.;Похвальный лист.;1910;-;3000;
Р;2007652;нет;Россия.;Похвальный лист.;1911;-;3000;
Р;2007653;нет;Россия.;Свидетельство.;1912;-;3000;
Х;2007654;нет;Хэдсон ;Натуралист.;1896;-;800;
В;2007682;нет;Виктор Жоли.;Лож и правда о войне на востоке.;1855;-;7500;
;2007683;нет;;Село Новоспасское деденево тож и родословная Головиных владельцев одного  в 2-х т..;1847;-;15000;
;2007684;нет;;Старина и новизна. исторический зборник. кн 18;1914;-;1800;
К;2007685;нет;Клочков М.;Население России при Петре Великом. т 1 ;1911;-;6000;
Р;2007706;нет;Россия.;Фотография.;1915;-;2000;
А;2007707;нет;Армения.;Набор этикеток.;1922;-;2000;
;2007708;нет;;Нашествие Наполеона.;1911;Вып. 3.;800;
Р;2007709;нет;Россия.;Лубок. Ермак.;1903;-;10000;
;2007710;нет;;Лубок. Николай Александрович.;1903;-;10000;
А;2007711;нет;Азербайджан.;Киноплакат.;1925;-;10000;
Р;2007712;нет;Россия.;Международный гимн.;1918;-;600;
Р;2007714;нет;Россия.;Ноты.;1911;-;2000;
;2007718;нет;;Большая энциклопедия. Южаков.;1905;Том 20.;2400;
;2007719;нет;;Большая энциклопедия. Южаков.;1901;Том 19.;2400;
;2007720;нет;;Большая энциклопедия. Южаков.;1905;Том 21.;6000;
;2007721;нет;;Комплект  Просвещение 14 книг.;1903;-;55000;
;2007733;нет;;Русский быт в воспоминаниях современников 18 в.;1922;-;400;
Ф;2007734;нет;Фаррар Ф.В.;Раскаяние.;1898;-;2000;
Ш;2007735;нет;Шредер Р.И.;Русский питомник. Плодовый сад.;1901;-;1600;
Г;2007736;нет;Гельвеций К.А.;Об уме.;1917;-;500;
С;2007744;нет;СССР;Медкарточка.;1933;-;200;
Р;2007745;нет;Россия.;Медкарточка.;1939;-;200;
М;2007747;нет;Маршак С.;Мистр Твистр.;1935;-;1800;
Р;2007751;нет;Россия.;Комплект книг.;1938;-;1200;
Л;2007753;нет;Ленон.;Военно-топографическое описание дороги от Журжи в Константинополь.;1821;-;8000;
Г;2007754;нет;Гидони Г.;Современный Ленинград 12 автолиногравюр Г. Гидони.;1929;-;40000;
Б;2007755;нет;Божерянов И.Н.;Война Руского Народа с Наполеоном 1812г.;1911;-;24000;
Д;2007756;нет;Даль В.;Толковый словарь великорусского языка.;1912;-;12000;
;2007758;нет;;Книга по кулинарии .;1900;-;3600;
К;2007759;нет;Коломийцова Н.А.;Общедоступный дешевый и вкусный стол 606 рецептов.;1884;-;3600;
З;2007760;нет;Зеленкова О.К.;Я никого не ем! 365 вегетарианских меню.;0;-;2600;
Л;2007761;нет;Лухманова Н.А.;Спутник женщины. Настольная книга для женщины.;1898;-;3000;
М;2007764;нет;МолоховецЕ.;Подарок молодым хозяйкам.;1909;с автографом.;12000;
Н;2007765;нет;Нива.;Нива.;1907;нет нескольких номеров.;6600;
;2007766;нет;;Зажглась золотая заря.;1939;-;1600;
С;2007767;нет;Сафонов В.;Земля в цвету.;1950;-;600;
Ж;2007768;нет;Желнховский В.П.;Звездочки. Рождественнские расказы.;0;-;1000;
П;2007773;нет;Пиотрович М.;Первое всесоюзное совещание рабочих и работниц-стахановцев.;1935;-;5600;
Л;2007774;нет;Любимов Н.А.;История физики в 2-х ч.;1892;-;1000;
В;2007775;нет;Власов А.К.;Опыт философии теории верояьности.;1908;-;500;
Л;2007776;нет;Лакур П.;История физики в 2-х т.;1908;-;2000;
Г;2007785;нет;Гёте.;Фауст.;1936;ACADEMIA. Издание в 2-х томах.;6000;
;2007792;нет;;Атлас Московской области.;1934;-;6000;
;2007793;нет;;Лерманс Э. Художественная биб-ка.;0;-;600;
С;2007794;нет;Спиноза К.;Богословско-политический трактат.;1906;-;3000;
О;2007796;нет;Орлов А.С.;Передовые повести феодальной руси и московского государства 12-17 в.;1934;-;600;
К;2007797;нет;Кузьминский К.С.;Русская реалистическая иллюстрация 18-19 века.;1937;-;800;
Ж;2007798;нет;Журнал.;Жаворонок. Детский журнал. Комплект.;1913;-;12000;
Б;2007799;нет;Брокгауз Ефрон.;Энциклопедический словарь. т.75;1903;-;1200;
А;2007801;нет;Адрианова С.А.;Русская энциклопедия. т. 7.;0;-;3000;
А;2007802;нет;Адрианов С.А.;Русская энциклопедия. т. 4.;0;-;3000;
Ж;2007803;нет;Журнал.;Детское чтение годовой журнал.;1895;-;10000;
;2007808;нет;;Иллюстрированная летопись Русско-японской войны.;0;-;800;
л;2007810;нет;лопухина А.П.;история христианской церкви  в 19 веке.;1901;-;30000;
Б;2007815;нет;Брокгауз и Ефрон.;Энциклопедический словарь т.23;1894;-;600;
Б;2007816;нет;Брокгауз и Ефрон.;Энциклопедический словарь т.51;1899;-;600;
Б;2007817;нет;Брокгауз и Ефрон.;Энциклопедический словарь т.21;1893;-;400;
Б;2007818;нет;Брокгауз и Ефрон.;Энциклопедический словарь т. 34.;1896;-;400;
Б;2007819;нет;Брокгауз и Ефрон.;Энциклопедический словарь т. 12;1892;-;400;
Б;2007820;нет;Брокгауз и Ефрон.;Энциклопедический словарь т. 1.;1890;-;400;
Б;2007821;нет;Брокгауз и Ефрон.;Энциклопедический словарь т. 27.;1895;-;400;
Б;2007822;нет;Брокгауз и Ефрон.;Энциклопедический словарь т. 5.;1891;-;400;
Б;2007823;нет;Брокгауз и Ефрон.;Энциклопедический словарь т. 37.;1896;-;400;
Б;2007824;нет;Брокгауз и Ефрон.;Энциклопедический словарь т. 61;1900;-;800;
Б;2007825;нет;Брокгауз и Ефрон.;Энциклопедический словарь т. 19.;1893;-;800;
Б;2007826;нет;Брокгауз и Ефрон.;Энциклопедический словарь т.14;1892;-;800;
Б;2007827;нет;Брокгауз и Ефрон.;Энциклопедический словарь т. 6.;1891;-;800;
Б;2007828;нет;Брокгауз и Ефрон.;Энциклопедический словарь т. 13.;1892;-;800;
Ж;2007829;нет;Журнал.;Мир  искусств. комплект.;1899;-;50000;
;2007832;нет;;Энциклопедический словарь Брокгауз.;1891;Том 4.;400;
;2007833;нет;;Энциклопедический словарь Брокгауз.;1890;Том 2.;400;
;2007834;нет;;Энциклопедический словарь Брокгауз.;0;Том 25.;400;
;2007835;нет;;Энциклопедический словарь Брокгауз.;1892;Том 10.;400;
;2007836;нет;;Энциклопедический словарь Брокгауз.;1898;Том 49.;400;
;2007837;нет;;Энциклопедический словарь Брокгауз.;1898;Том 45.;400;
;2007838;нет;;Энциклопедический словарь Брокгауз.;1897;Том 42.;400;
;2007839;нет;;Энциклопедический словарь Брокгауз.;1898;Том 46.;400;
;2007840;нет;;Энциклопедический словарь Брокгауз.;1897;том 41.;400;
;2007841;нет;;Энциклопедический словарь Брокгауз.;1897;Том 40.;400;
;2007842;нет;;Энциклопедический словарь Брокгауз.;1893;Том 20.;400;
;2007843;нет;;Энциклопедический словарь Брокгауз.;1893;-;400;
;2007844;нет;;Энциклопедический словарь Брокгауз.;1899;Том 52.;400;
;2007845;нет;;Энциклопедический словарь Брокгауз.;1899;Том 53.;400;
;2007846;нет;;Энциклопедический словарь Брокгауз.;1896;Том 33.;400;
;2007847;нет;;Энциклопедический словарь Брокгауз.;1898;Том 48.;600;
;2007849;нет;;Карманная карта.;1915;-;2000;
Р;2007850;нет;Россия.;Карта Министерства Путей Сообщения.;0;-;20000;
;2007851;нет;;Карта России и границы.;0;-;20000;
Р;2007993;нет;Россия.;Альбом с фотографиями.;1920;-;12000;
С;2007852;нет;Смирнов С.;История московской славяно-греко-латинской Академии.;1855;-;12000;
;2007854;нет;;Русская Московия.на латинском яз.;0;-;30000;
Р;2007855;нет;Ремизов А.;Подстриженными глазами.Книга узлов и закрут памяти.;1951;-;6000;
;2007856;нет;;Царь и царица во Франции. на франц. яз.;0;-;5000;
Ж;2007860;нет;Журнал.;Жар -Птица.;1922;-;500000;
Ш;2007861;нет;Шильдер Н.К.;Павел первый.;1901;-;40000;
Р;2007862;нет;Россия.;Марки 6 шт. комплект.;0;-;800;
У;2007863;нет;Украина.;Марки 27 шт.;0;-;840;
;2007864;нет;;Марки 17 шт.;1912;-;800;
Р;2007865;нет;Россия.;Марки 6шт. комп.;0;-;12000;
Р;2007866;нет;Россия.;Марки серия.;0;-;8000;
Р;2007867;нет;Россия. гр. война сер. генерал.;Марки.;0;-;22000;
;2007868;нет;;Марки.;0;-;4400;
;2007869;нет;;Марки комплект.;0;-;3200;
Р;2007870;нет;Россия.;Марки серия 2 тонкая бумага.;0;-;1500;
З;2007871;нет;Западная Украина.;Марки.;0;-;1200;
;2007872;нет;;Что такое царская коронация.;1883;-;4000;
А;2007873;нет;Азербаджан.;Марки  10 шт.;0;-;25000;
;2007878;нет;;Последование молебных пений.Х-1743г./7252/;1743;нет;3000;
;2007883;нет;;Стоглав.;1911;-;4000;
К;2007888;нет;Кутепов.;Царская охота.;1898;В издательском пер. с серебрянными углами.;500000;
;2007892;нет;;Голубкина А. С.;1935;-;400;
;2007893;нет;;Ленинград.;1931;Путеводитель.;1600;
Г;2007895;нет;Гнедич П. П.;История искусств.;1905;Том 2.;2000;
Г;2007896;нет;Гнедич П. П.;История искусств.;1905;Том 3.;2000;
Л;2007900;нет;Липскеров К.;День шестой.;1922;-;600;
;2007901;нет;;Картины войны.;1917;Вып. 1.;1600;
;2007902;нет;;Война и Русь.;1915;-;200;
;2007903;нет;;Всемирная иллюстрация.;1885;-;1000;
С;2007904;нет;Слоон В.;Жизнеописание Наполеона.;1896;-;12000;
Э;2007905;нет;Эсхил.;Трагедии.;1937;ACADEMIA.;2000;
;2007914;нет;;Открытка. Война.;0;-;300;
;2007915;нет;;Открытка. Война.;0;-;300;
;2007916;нет;;Открытка. Война.;0;-;300;
;2007917;нет;;Открытка. Война.;0;-;300;
Р;2007922;нет;Россия.;Указ о кончине Его Императорского Высочества Принца Георрг.;1813;автограф князя Гагарина.;8000;
Р;2007923;нет;Россия.;Указ  Князю Горчакову.;1813;-;8000;
;2007926;нет;;Князь Долгоруков.;1899;-;160;
Б;2007928;нет;Большаков А.М.;Вспомогательные исторические дисциплины.;1922;-;600;
;2007929;нет;;Дневник Елизаветы Дьконовой на высших женских курсах.;1905;-;1000;
Л;2007932;нет;Либрович С.Ф.;История книги в России.;1913;-;1200;
М;2007933;нет;Мордовцев Д.Л.;Русскиеистории женщин.;1902;-;600;
К;2007934;нет;КаспариА.А.;Наполеон в России в 1912г.;0;-;6000;
М;2007935;нет;Мордовцев.;Русские женщины нового времени 2т.;1874;-;16000;
К;2007936;нет;Кони А.Ф.;Отцы и дети судебной реформы.;1914;-;40000;
;2007939;нет;;Медицинский календарь.;1917;-;1200;
Б;2007940;нет;Беляева Ю.;Наши артисты. Яворская Л.Б.;1900;-;500;
Б;2007941;нет;Беляева Ю.;Наши артисты. Коммиссаржевская.;1900;-;500;
К;2007942;нет;Крылов А.;Савина М.Г.;1900;-;500;
Б;2007943;нет;Бобриком и др.;Подвиг человеческого ума т. 3.;1871;-;4000;
Г;2007944;нет;Гершензон М.;История молодой России.;1908;-;1200;
Ж;2007945;нет;Журнал.;Родина. комплект.;1907;-;6000;
П;2007946;нет;Подруга.;Календарь для уч-ся женских заведений. Подруга.;1914;-;600;
;2007947;нет;;Календарь- справочник просвещенца.;1932;-;800;
Т;2007948;нет;Товарищ.;Календарь для учащихся. Товарищ.;1915;-;800;
;2007969;нет;;Летописец.;1915;-;2000;
Б;2007964;нет;Б.Пастернак;Сестра моя жизнь;1922;.;30000;
Ш;2007967;нет;Шиллер.;Библиотека великих писателей.;1901;Издание в 4-х томах.;55000;
Д;2007970;нет;Джемс В.;Многообразие религиозного опыта.;1910;-;2000;
З;2007971;нет;Забелин И.;Москва в её прошлом и настоящем.;1912;Часть 9.;12500;
Г;2007975;нет;Германия.;Фигурка. Сцена у мельницы.;1895;Белый металл.;16000;
п;2007976;нет;помяловский Н.Г.;Помяловский Н.Г. с\с в одном томе.;1913;-;1200;
К;2007977;нет;Костомаров Н.;Историческая монография и исследование. т.13;1881;-;1600;
Б;2007990;нет;Баженов Н,Н.;История Московского Доллгауза.;1909;-;15000;
;2007991;нет;;Полное собрание русских летописей. т. 4.;1915;-;3000;
;2007992;нет;;Свидетельство ? на немецком гот. яз.;0;-;75000;
К;2008006;нет;Кремер Г.;Вселенная и человечество.;1903;Том 3.;800;
;2008010;нет;;Строительство Москвы № 11.;1934;-;3000;
;2008011;нет;;Историческая выставка архитектуры.;1911;-;10000;
Ф;2008012;нет;Флайшганс В.;Ян Гус.;1916;-;1400;
М;2008013;нет;Мечников И.И.;Этюды оптемизма.;1917;-;1000;
Ш;2008016;нет;Штейнер Р.;Теософия.;1915;-;600;
К;2008022;нет;Кичигин М.А.;Картина на холсте Кичигин М.А.;1917;-;30000;
Б;2008023;нет;Берестнев Н.М.;Актиномикоз и его возбудители.;1897;редкость, автограф автора.;3000;
Л;2008024;нет;Лысенков Н.К.;Мозговая грыжи и их лечение.;1896;редкость дотторская дисертация.;5000;
Б;2008026;нет;Булгаков Ф. И.;Федотов П. А.;1893;-;8000;
Т;2008027;нет;Трубецкой Е.;Миросозерцание Соловьёва В. С.;1913;-;5000;
Ч;2008028;нет;Чечулин Н. Д.;Десять лет собирания.;1908;Редкость. Тираж 200 экз.;25000;
Р;2008029;нет;Ровинский Д. А.;Подробный словарь русских граверов.;1895;-;30000;
К;2008030;нет;Кропоткин П.;Исследования о ледниковом периоде.;1876;Редкость. Первая книга основателя русского анархизма.;25000;
С;2008031;нет;Симаков Н.;Русский орнамент.;1882;В комплекте не хватает 21-ой таблицы.;6000;
Л;2008045;нет;Лядов М.;История Российской Соц. Рабочей Партии.;1906;-;5000;
Б;2008046;нет;Багалей Д.И.;Русская история.;1914;дефект.;1600;
С;2008047;нет;С.де Шаплет.;Лондонский пустырник или описание нравов и обычаев англичан. в 3-х т.;1822;-;34000;
;2008048;нет;;Библия.;0;вырезан кусок на титульном листе.;6000;
В;2008049;нет;Верман.;История искусств. т 2.;0;издание Просвещение.;5000;
С;2008065;нет;Стасов В.;Славянский и восточный орнамент по рукописям древнего и нового времени.;1884;-;80000;
Г;2008078;нет;Горбунов И. Ф.;Собрание сочинений в 2-х томах.;1904;-;1000;
П;2008079;нет;Помяловский Н. Г.;Собрание сочинений в одном томе.;1914;-;600;
М;2008080;нет;Мирбо О.;Собранеи сочинений в 6-ти томах.;1910;-;2000;
Л;2008081;нет;Лермонтов М. Ю.;Полное собрание сочинений в 5-ти томах.;1910;-;8000;
